/*
Navicat MySQL Data Transfer

Source Server         : web
Source Server Version : 50505
Source Host           : localhost:3306
Source Database       : holycook

Target Server Type    : MYSQL
Target Server Version : 50505
File Encoding         : 65001

Date: 2023-02-06 06:30:10
*/

SET FOREIGN_KEY_CHECKS=0;
-- ----------------------------
-- Table structure for `resep`
-- ----------------------------
DROP TABLE IF EXISTS `resep`;
CREATE TABLE `resep` (
  `id_resep` int(5) NOT NULL AUTO_INCREMENT,
  `judul` varchar(100) NOT NULL,
  `kategori` varchar(50) NOT NULL,
  `porsi` int(5) NOT NULL,
  `lama_masak` varchar(50) NOT NULL,
  `deskripsi` longtext NOT NULL,
  `bahan` longtext NOT NULL,
  `langkah` longtext NOT NULL,
  `gizi` longtext NOT NULL,
  `foto` varchar(50) NOT NULL,
  `tanggal` date NOT NULL,
  `id_user` int(5) NOT NULL,
  PRIMARY KEY (`id_resep`),
  KEY `id_user` (`id_user`),
  CONSTRAINT `resep_ibfk_1` FOREIGN KEY (`id_user`) REFERENCES `user` (`id_user`)
) ENGINE=InnoDB AUTO_INCREMENT=19 DEFAULT CHARSET=utf8mb4;

-- ----------------------------
-- Records of resep
-- ----------------------------
INSERT INTO `resep` VALUES ('7', 'Bread Omelette', 'breakfast', '2', '30 menit', '<p>Telor ceplok diatas roti gimang</p>', '2 buah telur ayam , 1 sendok garam , 2 buah roti tawar', '<ol><li>Kocok 2 buah telur ayam</li><li>Campurkan 1 sendok makan garam</li><li>Panaskan wajan</li><li>Wajannya wajan orang</li><li>Amang roti bakar lewat</li><li>Numpang masak gan</li></ol>', '{\"ENERC_KCAL\":{\"label\":\"Energy\",\"quantity\":277.84,\"unit\":\"kcal\"},\"FAT\":{\"label\":\"Total lipid (fat)\",\"quantity\":10.0578,\"unit\":\"g\"},\"FASAT\":{\"label\":\"Fatty acids, total saturated\",\"quantity\":3.13902,\"unit\":\"g\"},\"FATRN\":{\"label\":\"Fatty acids, total trans\",\"quantity\":0.04776,\"unit\":\"g\"},\"FAMS\":{\"label\":\"Fatty acids, total monounsaturated\",\"quantity\":3.49794,\"unit\":\"g\"},\"FAPU\":{\"label\":\"Fatty acids, total polyunsaturated\",\"quantity\":2.51288,\"unit\":\"g\"},\"CHOCDF\":{\"label\":\"Carbohydrate, by difference\",\"quantity\":28.853599999999997,\"unit\":\"g\"},\"CHOCDF.net\":{\"label\":\"Carbohydrates (net)\",\"quantity\":26.533599999999996,\"unit\":\"g\"},\"FIBTG\":{\"label\":\"Fiber, total dietary\",\"quantity\":2.32,\"unit\":\"g\"},\"SUGAR\":{\"label\":\"Sugars, total\",\"quantity\":3.746,\"unit\":\"g\"},\"PROCNT\":{\"label\":\"Protein\",\"quantity\":17.0192,\"unit\":\"g\"},\"CHOLE\":{\"label\":\"Cholesterol\",\"quantity\":319.92,\"unit\":\"mg\"},\"NA\":{\"label\":\"Sodium, Na\",\"quantity\":416.76,\"unit\":\"mg\"},\"CA\":{\"label\":\"Calcium, Ca\",\"quantity\":125.3,\"unit\":\"mg\"},\"MG\":{\"label\":\"Magnesium, Mg\",\"quantity\":36.42,\"unit\":\"mg\"},\"K\":{\"label\":\"Potassium, K\",\"quantity\":221.33999999999997,\"unit\":\"mg\"},\"FE\":{\"label\":\"Iron, Fe\",\"quantity\":3.5292,\"unit\":\"mg\"},\"ZN\":{\"label\":\"Zinc, Zn\",\"quantity\":1.7995999999999999,\"unit\":\"mg\"},\"P\":{\"label\":\"Phosphorus, P\",\"quantity\":256.7,\"unit\":\"mg\"},\"VITA_RAE\":{\"label\":\"Vitamin A, RAE\",\"quantity\":137.6,\"unit\":\"µg\"},\"VITC\":{\"label\":\"Vitamin C, total ascorbic acid\",\"quantity\":0.11599999999999999,\"unit\":\"mg\"},\"THIA\":{\"label\":\"Thiamin\",\"quantity\":0.27509999999999996,\"unit\":\"mg\"},\"RIBF\":{\"label\":\"Riboflavin\",\"quantity\":0.53976,\"unit\":\"mg\"},\"NIA\":{\"label\":\"Niacin\",\"quantity\":3.3240999999999996,\"unit\":\"mg\"},\"VITB6A\":{\"label\":\"Vitamin B-6\",\"quantity\":0.21058,\"unit\":\"mg\"},\"FOLDFE\":{\"label\":\"Folate, DFE\",\"quantity\":97.84,\"unit\":\"µg\"},\"FOLFD\":{\"label\":\"Folate, food\",\"quantity\":78.12,\"unit\":\"µg\"},\"FOLAC\":{\"label\":\"Folic acid\",\"quantity\":11.6,\"unit\":\"µg\"},\"VITB12\":{\"label\":\"Vitamin B-12\",\"quantity\":0.7654,\"unit\":\"µg\"},\"VITD\":{\"label\":\"Vitamin D (D2 + D3)\",\"quantity\":1.72,\"unit\":\"µg\"},\"TOCPHA\":{\"label\":\"Vitamin E (alpha-tocopherol)\",\"quantity\":1.0132,\"unit\":\"mg\"},\"VITK1\":{\"label\":\"Vitamin K (phylloquinone)\",\"quantity\":3.1,\"unit\":\"µg\"},\"WATER\":{\"label\":\"Water\",\"quantity\":85.905,\"unit\":\"g\"}}', '1675613081breakfast-baner.png', '2023-02-05', '1');
INSERT INTO `resep` VALUES ('8', 'Kue Tar Stroberi', 'kue', '10', '3 jam', '<p>Kue strawberry nikmat</p>', '5000 g gula pasir', '<ol><li>ok</li><li>ok2</li></ol>', '{\"ENERC_KCAL\":{\"label\":\"Energy\",\"quantity\":19350,\"unit\":\"kcal\"},\"FAT\":{\"label\":\"Total lipid (fat)\",\"quantity\":0,\"unit\":\"g\"},\"FASAT\":{\"label\":\"Fatty acids, total saturated\",\"quantity\":0,\"unit\":\"g\"},\"FAMS\":{\"label\":\"Fatty acids, total monounsaturated\",\"quantity\":0,\"unit\":\"g\"},\"FAPU\":{\"label\":\"Fatty acids, total polyunsaturated\",\"quantity\":0,\"unit\":\"g\"},\"CHOCDF\":{\"label\":\"Carbohydrate, by difference\",\"quantity\":4999,\"unit\":\"g\"},\"CHOCDF.net\":{\"label\":\"Carbohydrates (net)\",\"quantity\":4999,\"unit\":\"g\"},\"FIBTG\":{\"label\":\"Fiber, total dietary\",\"quantity\":0,\"unit\":\"g\"},\"SUGAR\":{\"label\":\"Sugars, total\",\"quantity\":4990,\"unit\":\"g\"},\"SUGAR.added\":{\"label\":\"Sugars, added\",\"quantity\":4990,\"unit\":\"g\"},\"PROCNT\":{\"label\":\"Protein\",\"quantity\":0,\"unit\":\"g\"},\"CHOLE\":{\"label\":\"Cholesterol\",\"quantity\":0,\"unit\":\"mg\"},\"NA\":{\"label\":\"Sodium, Na\",\"quantity\":50,\"unit\":\"mg\"},\"CA\":{\"label\":\"Calcium, Ca\",\"quantity\":50,\"unit\":\"mg\"},\"MG\":{\"label\":\"Magnesium, Mg\",\"quantity\":0,\"unit\":\"mg\"},\"K\":{\"label\":\"Potassium, K\",\"quantity\":100,\"unit\":\"mg\"},\"FE\":{\"label\":\"Iron, Fe\",\"quantity\":2.5,\"unit\":\"mg\"},\"ZN\":{\"label\":\"Zinc, Zn\",\"quantity\":0.5,\"unit\":\"mg\"},\"P\":{\"label\":\"Phosphorus, P\",\"quantity\":0,\"unit\":\"mg\"},\"VITA_RAE\":{\"label\":\"Vitamin A, RAE\",\"quantity\":0,\"unit\":\"µg\"},\"VITC\":{\"label\":\"Vitamin C, total ascorbic acid\",\"quantity\":0,\"unit\":\"mg\"},\"THIA\":{\"label\":\"Thiamin\",\"quantity\":0,\"unit\":\"mg\"},\"RIBF\":{\"label\":\"Riboflavin\",\"quantity\":0.95,\"unit\":\"mg\"},\"NIA\":{\"label\":\"Niacin\",\"quantity\":0,\"unit\":\"mg\"},\"VITB6A\":{\"label\":\"Vitamin B-6\",\"quantity\":0,\"unit\":\"mg\"},\"FOLDFE\":{\"label\":\"Folate, DFE\",\"quantity\":0,\"unit\":\"µg\"},\"FOLFD\":{\"label\":\"Folate, food\",\"quantity\":0,\"unit\":\"µg\"},\"FOLAC\":{\"label\":\"Folic acid\",\"quantity\":0,\"unit\":\"µg\"},\"VITB12\":{\"label\":\"Vitamin B-12\",\"quantity\":0,\"unit\":\"µg\"},\"VITD\":{\"label\":\"Vitamin D (D2 + D3)\",\"quantity\":0,\"unit\":\"µg\"},\"TOCPHA\":{\"label\":\"Vitamin E (alpha-tocopherol)\",\"quantity\":0,\"unit\":\"mg\"},\"VITK1\":{\"label\":\"Vitamin K (phylloquinone)\",\"quantity\":0,\"unit\":\"µg\"},\"WATER\":{\"label\":\"Water\",\"quantity\":1,\"unit\":\"g\"}}', '1675588147menu144.jpg', '2023-02-05', '1');
INSERT INTO `resep` VALUES ('9', 'Rainbow Cake', 'kue', '1', '20 menit', '<p>Lorem ipsum, dolor sit amet consectetur adipisicing elit. Minus similique officiis, voluptas alias autem iusto, ut, quos quo impedit obcaecati nemo corporis minima? Quaerat ipsa dolores voluptates a nam molestias.</p>', '1000 g gula', '<ol><li>Lorem ipsum, dolor sit amet consectetur adipisicing elit. Minus similique officiis, voluptas alias autem iusto, ut, quos quo impedit obcaecati nemo corporis minima? Quaerat ipsa dolores voluptates a nam molestias.<br></li></ol>', '{\"ENERC_KCAL\":{\"label\":\"Energy\",\"quantity\":3870,\"unit\":\"kcal\"},\"FAT\":{\"label\":\"Total lipid (fat)\",\"quantity\":0,\"unit\":\"g\"},\"FASAT\":{\"label\":\"Fatty acids, total saturated\",\"quantity\":0,\"unit\":\"g\"},\"FAMS\":{\"label\":\"Fatty acids, total monounsaturated\",\"quantity\":0,\"unit\":\"g\"},\"FAPU\":{\"label\":\"Fatty acids, total polyunsaturated\",\"quantity\":0,\"unit\":\"g\"},\"CHOCDF\":{\"label\":\"Carbohydrate, by difference\",\"quantity\":999.8000000000001,\"unit\":\"g\"},\"CHOCDF.net\":{\"label\":\"Carbohydrates (net)\",\"quantity\":999.8000000000001,\"unit\":\"g\"},\"FIBTG\":{\"label\":\"Fiber, total dietary\",\"quantity\":0,\"unit\":\"g\"},\"SUGAR\":{\"label\":\"Sugars, total\",\"quantity\":998,\"unit\":\"g\"},\"SUGAR.added\":{\"label\":\"Sugars, added\",\"quantity\":998,\"unit\":\"g\"},\"PROCNT\":{\"label\":\"Protein\",\"quantity\":0,\"unit\":\"g\"},\"CHOLE\":{\"label\":\"Cholesterol\",\"quantity\":0,\"unit\":\"mg\"},\"NA\":{\"label\":\"Sodium, Na\",\"quantity\":10,\"unit\":\"mg\"},\"CA\":{\"label\":\"Calcium, Ca\",\"quantity\":10,\"unit\":\"mg\"},\"MG\":{\"label\":\"Magnesium, Mg\",\"quantity\":0,\"unit\":\"mg\"},\"K\":{\"label\":\"Potassium, K\",\"quantity\":20,\"unit\":\"mg\"},\"FE\":{\"label\":\"Iron, Fe\",\"quantity\":0.5,\"unit\":\"mg\"},\"ZN\":{\"label\":\"Zinc, Zn\",\"quantity\":0.1,\"unit\":\"mg\"},\"P\":{\"label\":\"Phosphorus, P\",\"quantity\":0,\"unit\":\"mg\"},\"VITA_RAE\":{\"label\":\"Vitamin A, RAE\",\"quantity\":0,\"unit\":\"µg\"},\"VITC\":{\"label\":\"Vitamin C, total ascorbic acid\",\"quantity\":0,\"unit\":\"mg\"},\"THIA\":{\"label\":\"Thiamin\",\"quantity\":0,\"unit\":\"mg\"},\"RIBF\":{\"label\":\"Riboflavin\",\"quantity\":0.19,\"unit\":\"mg\"},\"NIA\":{\"label\":\"Niacin\",\"quantity\":0,\"unit\":\"mg\"},\"VITB6A\":{\"label\":\"Vitamin B-6\",\"quantity\":0,\"unit\":\"mg\"},\"FOLDFE\":{\"label\":\"Folate, DFE\",\"quantity\":0,\"unit\":\"µg\"},\"FOLFD\":{\"label\":\"Folate, food\",\"quantity\":0,\"unit\":\"µg\"},\"FOLAC\":{\"label\":\"Folic acid\",\"quantity\":0,\"unit\":\"µg\"},\"VITB12\":{\"label\":\"Vitamin B-12\",\"quantity\":0,\"unit\":\"µg\"},\"VITD\":{\"label\":\"Vitamin D (D2 + D3)\",\"quantity\":0,\"unit\":\"µg\"},\"TOCPHA\":{\"label\":\"Vitamin E (alpha-tocopherol)\",\"quantity\":0,\"unit\":\"mg\"},\"VITK1\":{\"label\":\"Vitamin K (phylloquinone)\",\"quantity\":0,\"unit\":\"µg\"},\"WATER\":{\"label\":\"Water\",\"quantity\":0.2,\"unit\":\"g\"}}', '1675614479cupcake.jpg', '2023-02-05', '1');
INSERT INTO `resep` VALUES ('10', 'Pandan Cake Coconut Slices', 'kue', '2', '10 menit', '<p>Kelapa Muda</p>', '1000 g apel', '<ol><li>Beli aja di amang</li></ol>', '{\"ENERC_KCAL\":{\"label\":\"Energy\",\"quantity\":520,\"unit\":\"kcal\"},\"FAT\":{\"label\":\"Total lipid (fat)\",\"quantity\":1.7000000000000002,\"unit\":\"g\"},\"FASAT\":{\"label\":\"Fatty acids, total saturated\",\"quantity\":0.28,\"unit\":\"g\"},\"FAMS\":{\"label\":\"Fatty acids, total monounsaturated\",\"quantity\":0.07,\"unit\":\"g\"},\"FAPU\":{\"label\":\"Fatty acids, total polyunsaturated\",\"quantity\":0.51,\"unit\":\"g\"},\"CHOCDF\":{\"label\":\"Carbohydrate, by difference\",\"quantity\":138.1,\"unit\":\"g\"},\"CHOCDF.net\":{\"label\":\"Carbohydrates (net)\",\"quantity\":114.1,\"unit\":\"g\"},\"FIBTG\":{\"label\":\"Fiber, total dietary\",\"quantity\":24,\"unit\":\"g\"},\"SUGAR\":{\"label\":\"Sugars, total\",\"quantity\":103.9,\"unit\":\"g\"},\"PROCNT\":{\"label\":\"Protein\",\"quantity\":2.6,\"unit\":\"g\"},\"CHOLE\":{\"label\":\"Cholesterol\",\"quantity\":0,\"unit\":\"mg\"},\"NA\":{\"label\":\"Sodium, Na\",\"quantity\":10,\"unit\":\"mg\"},\"CA\":{\"label\":\"Calcium, Ca\",\"quantity\":60,\"unit\":\"mg\"},\"MG\":{\"label\":\"Magnesium, Mg\",\"quantity\":50,\"unit\":\"mg\"},\"K\":{\"label\":\"Potassium, K\",\"quantity\":1070,\"unit\":\"mg\"},\"FE\":{\"label\":\"Iron, Fe\",\"quantity\":1.2,\"unit\":\"mg\"},\"ZN\":{\"label\":\"Zinc, Zn\",\"quantity\":0.4,\"unit\":\"mg\"},\"P\":{\"label\":\"Phosphorus, P\",\"quantity\":110,\"unit\":\"mg\"},\"VITA_RAE\":{\"label\":\"Vitamin A, RAE\",\"quantity\":30,\"unit\":\"µg\"},\"VITC\":{\"label\":\"Vitamin C, total ascorbic acid\",\"quantity\":46,\"unit\":\"mg\"},\"THIA\":{\"label\":\"Thiamin\",\"quantity\":0.17,\"unit\":\"mg\"},\"RIBF\":{\"label\":\"Riboflavin\",\"quantity\":0.26,\"unit\":\"mg\"},\"NIA\":{\"label\":\"Niacin\",\"quantity\":0.9099999999999999,\"unit\":\"mg\"},\"VITB6A\":{\"label\":\"Vitamin B-6\",\"quantity\":0.41000000000000003,\"unit\":\"mg\"},\"FOLDFE\":{\"label\":\"Folate, DFE\",\"quantity\":30,\"unit\":\"µg\"},\"FOLFD\":{\"label\":\"Folate, food\",\"quantity\":30,\"unit\":\"µg\"},\"FOLAC\":{\"label\":\"Folic acid\",\"quantity\":0,\"unit\":\"µg\"},\"VITB12\":{\"label\":\"Vitamin B-12\",\"quantity\":0,\"unit\":\"µg\"},\"VITD\":{\"label\":\"Vitamin D (D2 + D3)\",\"quantity\":0,\"unit\":\"µg\"},\"TOCPHA\":{\"label\":\"Vitamin E (alpha-tocopherol)\",\"quantity\":1.7999999999999998,\"unit\":\"mg\"},\"VITK1\":{\"label\":\"Vitamin K (phylloquinone)\",\"quantity\":22,\"unit\":\"µg\"},\"WATER\":{\"label\":\"Water\",\"quantity\":855.6,\"unit\":\"g\"}}', '1675609072kue-baner.jpg', '2023-02-05', '1');
INSERT INTO `resep` VALUES ('11', 'Bolu', 'kue', '2', '1 jam 30 menit', '<p>Bolu kaki hasbro</p>', '1 sendok gula', '<ol><li>haha</li><li>hawatir</li></ol>', '{\"ENERC_KCAL\":{\"label\":\"Energy\",\"quantity\":48.37499999918227,\"unit\":\"kcal\"},\"FAT\":{\"label\":\"Total lipid (fat)\",\"quantity\":0,\"unit\":\"g\"},\"FASAT\":{\"label\":\"Fatty acids, total saturated\",\"quantity\":0,\"unit\":\"g\"},\"FAMS\":{\"label\":\"Fatty acids, total monounsaturated\",\"quantity\":0,\"unit\":\"g\"},\"FAPU\":{\"label\":\"Fatty acids, total polyunsaturated\",\"quantity\":0,\"unit\":\"g\"},\"CHOCDF\":{\"label\":\"Carbohydrate, by difference\",\"quantity\":12.497499999788744,\"unit\":\"g\"},\"CHOCDF.net\":{\"label\":\"Carbohydrates (net)\",\"quantity\":12.497499999788744,\"unit\":\"g\"},\"FIBTG\":{\"label\":\"Fiber, total dietary\",\"quantity\":0,\"unit\":\"g\"},\"SUGAR\":{\"label\":\"Sugars, total\",\"quantity\":12.474999999789123,\"unit\":\"g\"},\"SUGAR.added\":{\"label\":\"Sugars, added\",\"quantity\":12.474999999789123,\"unit\":\"g\"},\"PROCNT\":{\"label\":\"Protein\",\"quantity\":0,\"unit\":\"g\"},\"CHOLE\":{\"label\":\"Cholesterol\",\"quantity\":0,\"unit\":\"mg\"},\"NA\":{\"label\":\"Sodium, Na\",\"quantity\":0.12499999999788701,\"unit\":\"mg\"},\"CA\":{\"label\":\"Calcium, Ca\",\"quantity\":0.12499999999788701,\"unit\":\"mg\"},\"MG\":{\"label\":\"Magnesium, Mg\",\"quantity\":0,\"unit\":\"mg\"},\"K\":{\"label\":\"Potassium, K\",\"quantity\":0.24999999999577402,\"unit\":\"mg\"},\"FE\":{\"label\":\"Iron, Fe\",\"quantity\":0.0062499999998943505,\"unit\":\"mg\"},\"ZN\":{\"label\":\"Zinc, Zn\",\"quantity\":0.0012499999999788702,\"unit\":\"mg\"},\"P\":{\"label\":\"Phosphorus, P\",\"quantity\":0,\"unit\":\"mg\"},\"VITA_RAE\":{\"label\":\"Vitamin A, RAE\",\"quantity\":0,\"unit\":\"µg\"},\"VITC\":{\"label\":\"Vitamin C, total ascorbic acid\",\"quantity\":0,\"unit\":\"mg\"},\"THIA\":{\"label\":\"Thiamin\",\"quantity\":0,\"unit\":\"mg\"},\"RIBF\":{\"label\":\"Riboflavin\",\"quantity\":0.0023749999999598532,\"unit\":\"mg\"},\"NIA\":{\"label\":\"Niacin\",\"quantity\":0,\"unit\":\"mg\"},\"VITB6A\":{\"label\":\"Vitamin B-6\",\"quantity\":0,\"unit\":\"mg\"},\"FOLDFE\":{\"label\":\"Folate, DFE\",\"quantity\":0,\"unit\":\"µg\"},\"FOLFD\":{\"label\":\"Folate, food\",\"quantity\":0,\"unit\":\"µg\"},\"FOLAC\":{\"label\":\"Folic acid\",\"quantity\":0,\"unit\":\"µg\"},\"VITB12\":{\"label\":\"Vitamin B-12\",\"quantity\":0,\"unit\":\"µg\"},\"VITD\":{\"label\":\"Vitamin D (D2 + D3)\",\"quantity\":0,\"unit\":\"µg\"},\"TOCPHA\":{\"label\":\"Vitamin E (alpha-tocopherol)\",\"quantity\":0,\"unit\":\"mg\"},\"VITK1\":{\"label\":\"Vitamin K (phylloquinone)\",\"quantity\":0,\"unit\":\"µg\"},\"WATER\":{\"label\":\"Water\",\"quantity\":0.0024999999999577405,\"unit\":\"g\"}}', '1675615864banana-cake.jpg', '2023-02-05', '1');
INSERT INTO `resep` VALUES ('12', 'Ayam Pedas Manis', 'daging', '2', '1 jam', '<p>Ayam pedas manis gurih nyoy</p>', '1000 g daging ayam , 1/4 ons cabai merah', '<ol><li>Hahay</li><li>Haloo</li></ol>', '{\"ENERC_KCAL\":{\"label\":\"Energy\",\"quantity\":1192.8349523125,\"unit\":\"kcal\"},\"FAT\":{\"label\":\"Total lipid (fat)\",\"quantity\":30.8311844754375,\"unit\":\"g\"},\"FASAT\":{\"label\":\"Fatty acids, total saturated\",\"quantity\":7.902976699928125,\"unit\":\"g\"},\"FAMS\":{\"label\":\"Fatty acids, total monounsaturated\",\"quantity\":9.0017009713875,\"unit\":\"g\"},\"FAPU\":{\"label\":\"Fatty acids, total polyunsaturated\",\"quantity\":7.516938840067188,\"unit\":\"g\"},\"CHOCDF\":{\"label\":\"Carbohydrate, by difference\",\"quantity\":0.6243982468281251,\"unit\":\"g\"},\"CHOCDF.net\":{\"label\":\"Carbohydrates (net)\",\"quantity\":0.518087535109375,\"unit\":\"g\"},\"FIBTG\":{\"label\":\"Fiber, total dietary\",\"quantity\":0.10631071171875,\"unit\":\"g\"},\"SUGAR\":{\"label\":\"Sugars, total\",\"quantity\":0.37563118140625,\"unit\":\"g\"},\"PROCNT\":{\"label\":\"Protein\",\"quantity\":214.03253402060938,\"unit\":\"g\"},\"CHOLE\":{\"label\":\"Cholesterol\",\"quantity\":700,\"unit\":\"mg\"},\"NA\":{\"label\":\"Sodium, Na\",\"quantity\":770.6378642703125,\"unit\":\"mg\"},\"CA\":{\"label\":\"Calcium, Ca\",\"quantity\":120.992233309375,\"unit\":\"mg\"},\"MG\":{\"label\":\"Magnesium, Mg\",\"quantity\":251.6300975796875,\"unit\":\"mg\"},\"K\":{\"label\":\"Potassium, K\",\"quantity\":2312.821366115625,\"unit\":\"mg\"},\"FE\":{\"label\":\"Iron, Fe\",\"quantity\":8.973000022046875,\"unit\":\"mg\"},\"ZN\":{\"label\":\"Zinc, Zn\",\"quantity\":15.41842719003125,\"unit\":\"mg\"},\"P\":{\"label\":\"Phosphorus, P\",\"quantity\":1733.0475737359375,\"unit\":\"mg\"},\"VITA_RAE\":{\"label\":\"Vitamin A, RAE\",\"quantity\":163.401942775,\"unit\":\"µg\"},\"VITC\":{\"label\":\"Vitamin C, total ascorbic acid\",\"quantity\":33.184566182656255,\"unit\":\"mg\"},\"THIA\":{\"label\":\"Thiamin\",\"quantity\":0.7351029141625,\"unit\":\"mg\"},\"RIBF\":{\"label\":\"Riboflavin\",\"quantity\":1.4260951474718748,\"unit\":\"mg\"},\"NIA\":{\"label\":\"Niacin\",\"quantity\":82.47816701691876,\"unit\":\"mg\"},\"VITB6A\":{\"label\":\"Vitamin B-6\",\"quantity\":4.335862146753125,\"unit\":\"mg\"},\"FOLDFE\":{\"label\":\"Folate, DFE\",\"quantity\":71.6300975796875,\"unit\":\"µg\"},\"FOLFD\":{\"label\":\"Folate, food\",\"quantity\":71.6300975796875,\"unit\":\"µg\"},\"FOLAC\":{\"label\":\"Folic acid\",\"quantity\":0,\"unit\":\"µg\"},\"VITB12\":{\"label\":\"Vitamin B-12\",\"quantity\":3.7,\"unit\":\"µg\"},\"VITD\":{\"label\":\"Vitamin D (D2 + D3)\",\"quantity\":1,\"unit\":\"µg\"},\"TOCPHA\":{\"label\":\"Vitamin E (alpha-tocopherol)\",\"quantity\":2.1489029273906253,\"unit\":\"mg\"},\"VITK1\":{\"label\":\"Vitamin K (phylloquinone)\",\"quantity\":18.992233309375,\"unit\":\"µg\"},\"WATER\":{\"label\":\"Water\",\"quantity\":760.8383125636561,\"unit\":\"g\"}}', '16756197301.jpeg', '2023-02-05', '1');
INSERT INTO `resep` VALUES ('14', 'Salmon Tumis', 'seafood', '1', '1 jam', '<p>Salmon asli laut</p>', '1 ikan salmon , 2000 g gula pasir', '<ol><li>Tumis</li><li>Makan</li></ol>', '{\"ENERC_KCAL\":{\"label\":\"Energy\",\"quantity\":8563.68,\"unit\":\"kcal\"},\"FAT\":{\"label\":\"Total lipid (fat)\",\"quantity\":53.1432,\"unit\":\"g\"},\"FASAT\":{\"label\":\"Fatty acids, total saturated\",\"quantity\":12.078,\"unit\":\"g\"},\"FAMS\":{\"label\":\"Fatty acids, total monounsaturated\",\"quantity\":14.9292,\"unit\":\"g\"},\"FAPU\":{\"label\":\"Fatty acids, total polyunsaturated\",\"quantity\":15.38856,\"unit\":\"g\"},\"CHOCDF\":{\"label\":\"Carbohydrate, by difference\",\"quantity\":1999.6000000000001,\"unit\":\"g\"},\"CHOCDF.net\":{\"label\":\"Carbohydrates (net)\",\"quantity\":1999.6000000000001,\"unit\":\"g\"},\"FIBTG\":{\"label\":\"Fiber, total dietary\",\"quantity\":0,\"unit\":\"g\"},\"SUGAR\":{\"label\":\"Sugars, total\",\"quantity\":1996,\"unit\":\"g\"},\"SUGAR.added\":{\"label\":\"Sugars, added\",\"quantity\":1996,\"unit\":\"g\"},\"PROCNT\":{\"label\":\"Protein\",\"quantity\":80.8632,\"unit\":\"g\"},\"CHOLE\":{\"label\":\"Cholesterol\",\"quantity\":217.8,\"unit\":\"mg\"},\"NA\":{\"label\":\"Sodium, Na\",\"quantity\":253.64,\"unit\":\"mg\"},\"CA\":{\"label\":\"Calcium, Ca\",\"quantity\":55.64,\"unit\":\"mg\"},\"MG\":{\"label\":\"Magnesium, Mg\",\"quantity\":106.92,\"unit\":\"mg\"},\"K\":{\"label\":\"Potassium, K\",\"quantity\":1477.48,\"unit\":\"mg\"},\"FE\":{\"label\":\"Iron, Fe\",\"quantity\":2.3464,\"unit\":\"mg\"},\"ZN\":{\"label\":\"Zinc, Zn\",\"quantity\":1.6256,\"unit\":\"mg\"},\"P\":{\"label\":\"Phosphorus, P\",\"quantity\":950.4,\"unit\":\"mg\"},\"VITA_RAE\":{\"label\":\"Vitamin A, RAE\",\"quantity\":0,\"unit\":\"µg\"},\"VITC\":{\"label\":\"Vitamin C, total ascorbic acid\",\"quantity\":15.443999999999999,\"unit\":\"mg\"},\"THIA\":{\"label\":\"Thiamin\",\"quantity\":0.81972,\"unit\":\"mg\"},\"RIBF\":{\"label\":\"Riboflavin\",\"quantity\":0.9938,\"unit\":\"mg\"},\"NIA\":{\"label\":\"Niacin\",\"quantity\":34.341120000000004,\"unit\":\"mg\"},\"VITB6A\":{\"label\":\"Vitamin B-6\",\"quantity\":2.51856,\"unit\":\"mg\"},\"FOLDFE\":{\"label\":\"Folate, DFE\",\"quantity\":102.96,\"unit\":\"µg\"},\"FOLFD\":{\"label\":\"Folate, food\",\"quantity\":102.96,\"unit\":\"µg\"},\"FOLAC\":{\"label\":\"Folic acid\",\"quantity\":0,\"unit\":\"µg\"},\"VITB12\":{\"label\":\"Vitamin B-12\",\"quantity\":12.790799999999999,\"unit\":\"µg\"},\"VITD\":{\"label\":\"Vitamin D (D2 + D3)\",\"quantity\":0,\"unit\":\"µg\"},\"TOCPHA\":{\"label\":\"Vitamin E (alpha-tocopherol)\",\"quantity\":14.058,\"unit\":\"mg\"},\"VITK1\":{\"label\":\"Vitamin K (phylloquinone)\",\"quantity\":1.98,\"unit\":\"µg\"},\"WATER\":{\"label\":\"Water\",\"quantity\":257.3644,\"unit\":\"g\"}}', '1675631319dinner.jpeg', '2023-02-05', '13');
INSERT INTO `resep` VALUES ('15', 'Kue Tiaw', 'kue', '5', '2 jam', '<p>Kueh tiaw enak sekali</p>', '100 g gula pasir , 2000 g tepung terigu , 1/4 ons kacang', '<ol><li>Buat adonan dari tepung terigu</li><li>Masukkan kacang dan gula pasir</li><li>Panggang selama kurang lebih 1 jam</li><li>Kue tiaw siap disajikan</li></ol>', '{\"ENERC_KCAL\":{\"label\":\"Energy\",\"quantity\":7709.099041840625,\"unit\":\"kcal\"},\"FAT\":{\"label\":\"Total lipid (fat)\",\"quantity\":23.246457411953127,\"unit\":\"g\"},\"FASAT\":{\"label\":\"Fatty acids, total saturated\",\"quantity\":3.588958400098438,\"unit\":\"g\"},\"FAMS\":{\"label\":\"Fatty acids, total monounsaturated\",\"quantity\":3.9650831962734374,\"unit\":\"g\"},\"FAPU\":{\"label\":\"Fatty acids, total polyunsaturated\",\"quantity\":9.023169162525,\"unit\":\"g\"},\"CHOCDF\":{\"label\":\"Carbohydrate, by difference\",\"quantity\":1627.976651028047,\"unit\":\"g\"},\"CHOCDF.net\":{\"label\":\"Carbohydrates (net)\",\"quantity\":1573.3387867577344,\"unit\":\"g\"},\"FIBTG\":{\"label\":\"Fiber, total dietary\",\"quantity\":54.6378642703125,\"unit\":\"g\"},\"SUGAR\":{\"label\":\"Sugars, total\",\"quantity\":105.2,\"unit\":\"g\"},\"SUGAR.added\":{\"label\":\"Sugars, added\",\"quantity\":99.8,\"unit\":\"g\"},\"PROCNT\":{\"label\":\"Protein\",\"quantity\":207.82611687515623,\"unit\":\"g\"},\"CHOLE\":{\"label\":\"Cholesterol\",\"quantity\":0,\"unit\":\"mg\"},\"NA\":{\"label\":\"Sodium, Na\",\"quantity\":41.85048569375,\"unit\":\"mg\"},\"CA\":{\"label\":\"Calcium, Ca\",\"quantity\":305.961166546875,\"unit\":\"mg\"},\"MG\":{\"label\":\"Magnesium, Mg\",\"quantity\":455.9466067578125,\"unit\":\"mg\"},\"K\":{\"label\":\"Potassium, K\",\"quantity\":2184.3116632640626,\"unit\":\"mg\"},\"FE\":{\"label\":\"Iron, Fe\",\"quantity\":23.71223308890625,\"unit\":\"mg\"},\"ZN\":{\"label\":\"Zinc, Zn\",\"quantity\":14.2793204696875,\"unit\":\"mg\"},\"P\":{\"label\":\"Phosphorus, P\",\"quantity\":2190.8301063984377,\"unit\":\"mg\"},\"VITA_RAE\":{\"label\":\"Vitamin A, RAE\",\"quantity\":0.07087380781250001,\"unit\":\"µg\"},\"VITC\":{\"label\":\"Vitamin C, total ascorbic acid\",\"quantity\":0.028349523125000005,\"unit\":\"mg\"},\"THIA\":{\"label\":\"Thiamin\",\"quantity\":2.4141747615624998,\"unit\":\"mg\"},\"RIBF\":{\"label\":\"Riboflavin\",\"quantity\":0.8331747615625,\"unit\":\"mg\"},\"NIA\":{\"label\":\"Niacin\",\"quantity\":25.33310689671875,\"unit\":\"mg\"},\"VITB6A\":{\"label\":\"Vitamin B-6\",\"quantity\":0.9009786471124999,\"unit\":\"mg\"},\"FOLDFE\":{\"label\":\"Folate, DFE\",\"quantity\":523.543690390625,\"unit\":\"µg\"},\"FOLFD\":{\"label\":\"Folate, food\",\"quantity\":523.543690390625,\"unit\":\"µg\"},\"FOLAC\":{\"label\":\"Folic acid\",\"quantity\":0,\"unit\":\"µg\"},\"VITB12\":{\"label\":\"Vitamin B-12\",\"quantity\":0,\"unit\":\"µg\"},\"VITD\":{\"label\":\"Vitamin D (D2 + D3)\",\"quantity\":0,\"unit\":\"µg\"},\"TOCPHA\":{\"label\":\"Vitamin E (alpha-tocopherol)\",\"quantity\":1.2,\"unit\":\"mg\"},\"VITK1\":{\"label\":\"Vitamin K (phylloquinone)\",\"quantity\":6,\"unit\":\"µg\"},\"WATER\":{\"label\":\"Water\",\"quantity\":238.5440291636719,\"unit\":\"g\"}}', '1675632392coffee-cake.jpg', '2023-02-05', '13');
INSERT INTO `resep` VALUES ('16', 'Kue mesis sereres', 'kue', '1', '1 jam 20 menit', '<p>KUEEEEEEEEEEEEE</p>', '10000 g mayonaise', '<ol><li>tes</li><li>zeee</li></ol>', '{\"ENERC_KCAL\":{\"label\":\"Energy\",\"quantity\":69200,\"unit\":\"kcal\"},\"FAT\":{\"label\":\"Total lipid (fat)\",\"quantity\":7700,\"unit\":\"g\"},\"FASAT\":{\"label\":\"Fatty acids, total saturated\",\"quantity\":1150,\"unit\":\"g\"},\"FATRN\":{\"label\":\"Fatty acids, total trans\",\"quantity\":0,\"unit\":\"g\"},\"FAMS\":{\"label\":\"Fatty acids, total monounsaturated\",\"quantity\":1930,\"unit\":\"g\"},\"FAPU\":{\"label\":\"Fatty acids, total polyunsaturated\",\"quantity\":4620,\"unit\":\"g\"},\"CHOCDF\":{\"label\":\"Carbohydrate, by difference\",\"quantity\":0,\"unit\":\"g\"},\"FIBTG\":{\"label\":\"Fiber, total dietary\",\"quantity\":0,\"unit\":\"g\"},\"SUGAR\":{\"label\":\"Sugars, total\",\"quantity\":0,\"unit\":\"g\"},\"PROCNT\":{\"label\":\"Protein\",\"quantity\":0,\"unit\":\"g\"},\"CHOLE\":{\"label\":\"Cholesterol\",\"quantity\":3900,\"unit\":\"mg\"},\"NA\":{\"label\":\"Sodium, Na\",\"quantity\":57700,\"unit\":\"mg\"}}', '1675632507black-forest-cake.jpg', '2023-02-05', '13');
INSERT INTO `resep` VALUES ('17', 'Kue Slices Tar Aja', 'kue', '1', '50 menit', '<p>Heheh</p>', '500 g gula pasir , 3 buah stroberi , 1 liter susu', '<ol><li>hehehe</li><li>zehahaha</li><li>huhuu</li></ol>', '{\"ENERC_KCAL\":{\"label\":\"Energy\",\"quantity\":2577.005892367789,\"unit\":\"kcal\"},\"FAT\":{\"label\":\"Total lipid (fat)\",\"quantity\":33.63905000320187,\"unit\":\"g\"},\"FASAT\":{\"label\":\"Fatty acids, total saturated\",\"quantity\":19.240306463375845,\"unit\":\"g\"},\"FAMS\":{\"label\":\"Fatty acids, total monounsaturated\",\"quantity\":8.39170986233844,\"unit\":\"g\"},\"FAPU\":{\"label\":\"Fatty acids, total polyunsaturated\",\"quantity\":2.0735540001921127,\"unit\":\"g\"},\"CHOCDF\":{\"label\":\"Carbohydrate, by difference\",\"quantity\":552.4987692354982,\"unit\":\"g\"},\"CHOCDF.net\":{\"label\":\"Carbohydrates (net)\",\"quantity\":551.6927692354982,\"unit\":\"g\"},\"FIBTG\":{\"label\":\"Fiber, total dietary\",\"quantity\":0.8059999999999999,\"unit\":\"g\"},\"SUGAR\":{\"label\":\"Sugars, total\",\"quantity\":553.0527184665136,\"unit\":\"g\"},\"SUGAR.added\":{\"label\":\"Sugars, added\",\"quantity\":499,\"unit\":\"g\"},\"PROCNT\":{\"label\":\"Protein\",\"quantity\":32.756832310795666,\"unit\":\"g\"},\"CHOLE\":{\"label\":\"Cholesterol\",\"quantity\":103.13276924062116,\"unit\":\"mg\"},\"NA\":{\"label\":\"Sodium, Na\",\"quantity\":448.873907734671,\"unit\":\"mg\"},\"CA\":{\"label\":\"Calcium, Ca\",\"quantity\":1176.8482924190191,\"unit\":\"mg\"},\"MG\":{\"label\":\"Magnesium, Mg\",\"quantity\":108.37176924062116,\"unit\":\"mg\"},\"K\":{\"label\":\"Potassium, K\",\"quantity\":1433.0115539761991,\"unit\":\"mg\"},\"FE\":{\"label\":\"Iron, Fe\",\"quantity\":0.7246283077218634,\"unit\":\"mg\"},\"ZN\":{\"label\":\"Zinc, Zn\",\"quantity\":3.922332461902983,\"unit\":\"mg\"},\"P\":{\"label\":\"Phosphorus, P\",\"quantity\":875.9872616212177,\"unit\":\"mg\"},\"VITA_RAE\":{\"label\":\"Vitamin A, RAE\",\"quantity\":474.81373850685736,\"unit\":\"µg\"},\"VITC\":{\"label\":\"Vitamin C, total ascorbic acid\",\"quantity\":23.696399999999997,\"unit\":\"mg\"},\"THIA\":{\"label\":\"Thiamin\",\"quantity\":0.48408273850685735,\"unit\":\"mg\"},\"RIBF\":{\"label\":\"Riboflavin\",\"quantity\":1.8468098001664977,\"unit\":\"mg\"},\"NIA\":{\"label\":\"Niacin\",\"quantity\":1.0734396462415283,\"unit\":\"mg\"},\"VITB6A\":{\"label\":\"Vitamin B-6\",\"quantity\":0.3902189692662361,\"unit\":\"mg\"},\"FOLDFE\":{\"label\":\"Folate, DFE\",\"quantity\":61.238384620310576,\"unit\":\"µg\"},\"FOLFD\":{\"label\":\"Folate, food\",\"quantity\":61.238384620310576,\"unit\":\"µg\"},\"FOLAC\":{\"label\":\"Folic acid\",\"quantity\":0,\"unit\":\"µg\"},\"VITB12\":{\"label\":\"Vitamin B-12\",\"quantity\":4.640974615827952,\"unit\":\"µg\"},\"VITD\":{\"label\":\"Vitamin D (D2 + D3)\",\"quantity\":13.40726000128075,\"unit\":\"µg\"},\"TOCPHA\":{\"label\":\"Vitamin E (alpha-tocopherol)\",\"quantity\":0.8387993846843482,\"unit\":\"mg\"},\"VITK1\":{\"label\":\"Vitamin K (phylloquinone)\",\"quantity\":3.980583077218635,\"unit\":\"µg\"},\"WATER\":{\"label\":\"Water\",\"quantity\":945.6619453175941,\"unit\":\"g\"}}', '1675632796dessert.jpg', '2023-02-05', '13');
INSERT INTO `resep` VALUES ('18', 'Tempe Bacem', 'breakfast', '1', '1 jam', '<p>Oke</p>', '1 tempe', '<p>hehe</p>', '', '1675637446tempebacem.jpg', '2023-02-05', '14');

-- ----------------------------
-- Table structure for `resep_favorit`
-- ----------------------------
DROP TABLE IF EXISTS `resep_favorit`;
CREATE TABLE `resep_favorit` (
  `id_favorit` int(5) NOT NULL AUTO_INCREMENT,
  `id_user` int(5) NOT NULL,
  `id_resep` int(5) NOT NULL,
  PRIMARY KEY (`id_favorit`),
  KEY `id_resep` (`id_resep`),
  KEY `id_user` (`id_user`),
  CONSTRAINT `resep_favorit_ibfk_1` FOREIGN KEY (`id_resep`) REFERENCES `resep` (`id_resep`),
  CONSTRAINT `resep_favorit_ibfk_2` FOREIGN KEY (`id_user`) REFERENCES `user` (`id_user`)
) ENGINE=InnoDB AUTO_INCREMENT=10 DEFAULT CHARSET=utf8mb4;

-- ----------------------------
-- Records of resep_favorit
-- ----------------------------
INSERT INTO `resep_favorit` VALUES ('1', '13', '7');
INSERT INTO `resep_favorit` VALUES ('2', '13', '8');
INSERT INTO `resep_favorit` VALUES ('3', '13', '9');
INSERT INTO `resep_favorit` VALUES ('4', '13', '10');
INSERT INTO `resep_favorit` VALUES ('5', '13', '11');
INSERT INTO `resep_favorit` VALUES ('6', '13', '12');
INSERT INTO `resep_favorit` VALUES ('7', '13', '14');
INSERT INTO `resep_favorit` VALUES ('8', '14', '18');

-- ----------------------------
-- Table structure for `ulasan`
-- ----------------------------
DROP TABLE IF EXISTS `ulasan`;
CREATE TABLE `ulasan` (
  `id_ulasan` int(5) NOT NULL AUTO_INCREMENT,
  `isi` text NOT NULL,
  `tanggal` date NOT NULL,
  `id_user` int(5) NOT NULL,
  `id_resep` int(5) NOT NULL,
  PRIMARY KEY (`id_ulasan`),
  KEY `id_resep` (`id_resep`),
  KEY `id_user` (`id_user`),
  CONSTRAINT `ulasan_ibfk_1` FOREIGN KEY (`id_resep`) REFERENCES `resep` (`id_resep`),
  CONSTRAINT `ulasan_ibfk_2` FOREIGN KEY (`id_user`) REFERENCES `user` (`id_user`)
) ENGINE=InnoDB AUTO_INCREMENT=4 DEFAULT CHARSET=utf8mb4;

-- ----------------------------
-- Records of ulasan
-- ----------------------------
INSERT INTO `ulasan` VALUES ('1', 'Enak nih telurnya kerasa, apalagi kalau pakai telur naga', '2023-02-06', '13', '7');
INSERT INTO `ulasan` VALUES ('2', 'Wkwkwkwk :v, khawatir euy kalo telur naga mah kang, coba telur kadal', '2023-02-06', '1', '7');
INSERT INTO `ulasan` VALUES ('3', 'Mantap pokoknya resep dan langkah langkahnya sangat jelas, semangat terus', '2023-02-06', '1', '7');

-- ----------------------------
-- Table structure for `user`
-- ----------------------------
DROP TABLE IF EXISTS `user`;
CREATE TABLE `user` (
  `id_user` int(5) NOT NULL AUTO_INCREMENT,
  `nama` varchar(100) NOT NULL,
  `jk` enum('L','P') NOT NULL,
  `no_telp` varchar(13) NOT NULL,
  `alamat` text NOT NULL,
  `foto` varchar(50) NOT NULL,
  `email` varchar(50) NOT NULL,
  `password` text NOT NULL,
  PRIMARY KEY (`id_user`)
) ENGINE=InnoDB AUTO_INCREMENT=15 DEFAULT CHARSET=utf8mb4;

-- ----------------------------
-- Records of user
-- ----------------------------
INSERT INTO `user` VALUES ('1', 'Admin HolyCook', 'L', '0812379881984', 'Bandung', '1675630999kucing.jpg', 'user@gmail.com', '*D5D9F81F5542DE067FFF5FF7A4CA4BDD322C578F');
INSERT INTO `user` VALUES ('13', 'holyc', 'P', '0871231231231', 'Oke', '1675632157profile-icon.jpg', 'holyc@gmail.com', '*89F0EB0382ED7BE7356021FC4EF858046C743F99');
INSERT INTO `user` VALUES ('14', 'agus', 'L', '', '', 'profile-pict.png', 'agus@gmail.com', '*809312860A5AB082E7D21D361D527FFD0FE3D432');
